id,true_state,pred_state,state_confidence,true_intensity,pred_intensity_clf,pred_intensity_ridge,intensity_confidence,is_short_text
1,focused,focused,0.5348,3,3,3,0.4588,False
2,restless,restless,0.9532,3,3,3,0.3774,False
3,calm,calm,0.7107,3,2,3,0.4859,False
4,neutral,mixed,0.6385,1,3,3,0.459,False
5,overwhelmed,overwhelmed,0.7565,5,4,4,0.3492,False
6,calm,calm,0.9864,3,3,3,0.4561,False
7,neutral,neutral,0.9609,1,2,3,0.4296,False
8,restless,restless,0.9924,4,4,4,0.5075,False
9,restless,restless,0.3839,4,4,3,0.4414,False
10,focused,focused,0.9491,3,2,3,0.3555,False
11,restless,neutral,0.4374,4,4,3,0.4736,False
12,focused,mixed,0.3783,4,4,3,0.3907,False
13,mixed,mixed,0.9151,2,3,3,0.3964,False
14,restless,restless,0.7305,4,4,4,0.5038,False
15,calm,calm,0.9905,2,3,4,0.4356,False
16,focused,focused,0.687,2,4,3,0.4857,False
17,mixed,mixed,0.9562,3,3,3,0.493,False
18,overwhelmed,overwhelmed,0.9622,4,4,4,0.4001,False
19,focused,focused,0.9034,4,4,3,0.4175,False
20,focused,focused,0.9257,2,4,3,0.3627,False
21,mixed,mixed,0.7874,3,4,4,0.4106,False
22,overwhelmed,overwhelmed,0.9379,4,4,3,0.3722,False
23,overwhelmed,overwhelmed,0.9601,5,4,3,0.4349,False
24,mixed,mixed,0.8934,4,4,4,0.4616,False
25,overwhelmed,overwhelmed,0.8378,4,4,3,0.3498,False
26,neutral,neutral,0.8502,2,2,3,0.3873,False
27,focused,focused,0.9065,4,4,3,0.3816,False
28,calm,overwhelmed,0.4846,3,3,4,0.5188,False
29,focused,focused,0.8912,4,4,3,0.4829,False
30,calm,overwhelmed,0.3827,2,4,3,0.4275,False
31,overwhelmed,overwhelmed,0.9346,5,4,3,0.4875,False
32,calm,overwhelmed,0.4398,4,3,3,0.4094,False
33,focused,focused,0.5125,2,4,4,0.4466,False
34,neutral,neutral,0.8883,2,3,3,0.4754,False
35,focused,focused,0.7385,3,3,3,0.4486,False
36,neutral,neutral,0.9157,2,2,3,0.4593,False
37,mixed,mixed,0.8468,4,4,3,0.3793,False
38,overwhelmed,overwhelmed,0.9437,5,4,4,0.4106,False
39,calm,calm,0.9912,2,4,3,0.4021,False
40,neutral,calm,0.5198,1,1,3,0.3899,False
41,neutral,neutral,0.666,2,4,3,0.4205,False
42,mixed,mixed,0.5241,4,3,3,0.3675,False
43,focused,focused,0.855,2,3,3,0.4,False
44,restless,restless,0.7719,3,4,3,0.481,False
45,restless,restless,0.5446,4,4,4,0.4176,False
46,mixed,overwhelmed,0.7223,2,5,4,0.3827,False
47,calm,focused,0.5546,4,3,3,0.3812,False
48,neutral,neutral,0.7323,1,4,3,0.3929,False
49,calm,calm,0.9204,4,4,3,0.4563,False
50,restless,restless,0.9743,4,5,4,0.4914,False
51,neutral,neutral,0.7304,2,1,3,0.3963,False
52,mixed,mixed,0.7318,4,4,3,0.4735,False
53,calm,calm,0.9929,4,3,3,0.4585,False
54,overwhelmed,overwhelmed,0.9451,5,4,3,0.4038,False
55,calm,calm,0.9932,4,2,4,0.4401,False
56,calm,calm,0.71,3,3,3,0.4647,False
57,calm,calm,0.72,3,2,3,0.4338,False
58,restless,neutral,0.4066,5,2,3,0.422,False
59,focused,restless,0.7334,3,3,3,0.4109,False
60,neutral,mixed,0.5197,3,2,3,0.4157,False
61,restless,restless,0.9562,3,4,3,0.468,False
62,mixed,neutral,0.5986,4,4,3,0.4916,False
63,overwhelmed,overwhelmed,0.9532,5,4,3,0.3517,False
64,focused,focused,0.9939,2,4,3,0.4233,False
65,mixed,mixed,0.9758,2,4,4,0.3546,False
66,calm,calm,0.7296,4,3,3,0.4715,False
67,restless,restless,0.6296,4,4,4,0.4854,False
68,focused,focused,0.9374,4,4,4,0.3895,False
69,overwhelmed,overwhelmed,0.5929,5,4,4,0.4929,False
70,calm,calm,0.9891,3,2,3,0.484,False
71,overwhelmed,overwhelmed,0.9191,5,4,4,0.4078,False
72,overwhelmed,overwhelmed,0.8695,4,3,3,0.3534,False
73,neutral,neutral,0.9047,1,4,3,0.4313,False
74,neutral,neutral,0.5914,1,2,2,0.4896,False
75,restless,focused,0.6815,4,4,3,0.4105,False
76,neutral,mixed,0.699,2,3,3,0.4662,False
77,mixed,mixed,0.9046,3,5,4,0.3532,False
78,mixed,mixed,0.5732,3,4,4,0.4924,False
79,mixed,mixed,0.9765,3,2,3,0.4449,False
80,focused,focused,0.8892,3,4,3,0.4597,False
81,calm,calm,0.9858,3,2,3,0.3691,False
82,focused,focused,0.6268,4,2,3,0.3681,False
83,focused,focused,0.8667,4,2,2,0.4077,False
84,calm,calm,0.9957,3,4,3,0.4827,False
85,overwhelmed,overwhelmed,0.9635,5,5,3,0.3978,False
86,calm,calm,0.9607,2,3,3,0.4566,False
87,mixed,mixed,0.6311,3,2,3,0.4545,False
88,neutral,neutral,0.9572,1,4,3,0.4627,False
89,restless,restless,0.9953,4,4,4,0.4581,False
90,restless,restless,0.7502,4,4,3,0.3694,False
91,neutral,neutral,0.471,1,4,3,0.4327,False
92,neutral,mixed,0.7469,1,4,3,0.4773,False
93,restless,restless,0.9752,4,4,4,0.4859,False
94,restless,restless,0.7324,4,4,3,0.4869,False
95,neutral,neutral,0.9763,2,4,3,0.4865,False
96,restless,restless,0.7375,4,2,3,0.4059,False
97,mixed,mixed,0.9815,2,4,4,0.3874,False
98,restless,overwhelmed,0.4944,4,4,3,0.367,False
99,focused,focused,0.4659,2,4,3,0.3574,False
100,mixed,mixed,0.38,2,3,2,0.3616,False
101,mixed,mixed,0.9789,4,2,3,0.4639,False
102,calm,calm,0.9828,2,3,3,0.3969,False
103,restless,restless,0.6183,3,3,3,0.4803,False
104,calm,calm,0.7026,3,4,3,0.4876,False
105,overwhelmed,overwhelmed,0.9813,4,5,3,0.4458,False
106,restless,restless,0.983,5,4,4,0.4829,False
107,focused,focused,0.6854,3,3,3,0.424,False
108,mixed,mixed,0.769,4,4,3,0.3694,False
109,calm,neutral,0.5167,3,2,3,0.3723,False
110,focused,restless,0.5073,3,4,3,0.422,False
111,mixed,mixed,0.7996,2,3,3,0.4618,False
112,calm,calm,0.8314,3,3,3,0.4197,False
113,overwhelmed,overwhelmed,0.8226,4,5,4,0.4028,False
114,calm,calm,0.947,4,4,3,0.4658,False
115,overwhelmed,overwhelmed,0.9812,4,4,3,0.3611,False
116,neutral,neutral,0.9288,2,1,2,0.3508,False
117,overwhelmed,overwhelmed,0.9596,5,4,4,0.3801,False
118,overwhelmed,overwhelmed,0.5945,4,4,4,0.3724,False
119,restless,overwhelmed,0.3523,4,4,3,0.428,False
120,calm,calm,0.9336,3,4,3,0.4204,False
121,mixed,mixed,0.4405,5,3,3,0.4881,False
122,neutral,neutral,0.9375,1,3,3,0.4309,False
123,overwhelmed,overwhelmed,0.9978,2,4,3,0.4626,False
124,mixed,mixed,0.9896,1,1,3,0.4488,False
125,neutral,neutral,0.9557,3,4,4,0.3679,False
126,calm,calm,0.6808,5,1,3,0.4852,False
127,overwhelmed,overwhelmed,0.9756,4,2,3,0.4327,False
128,neutral,neutral,0.9182,3,3,3,0.4565,False
129,neutral,neutral,0.631,3,1,3,0.3961,False
130,restless,restless,0.755,4,3,3,0.3528,False
131,focused,focused,0.9871,2,4,3,0.4934,False
132,neutral,neutral,0.994,5,4,3,0.4361,False
133,overwhelmed,overwhelmed,0.9508,2,5,3,0.4504,False
134,focused,focused,0.9965,2,1,2,0.4661,False
135,focused,focused,0.9753,4,5,3,0.4154,False
136,focused,focused,0.6541,1,4,3,0.4856,False
137,neutral,neutral,0.9861,2,5,2,0.4136,False
138,restless,restless,0.9671,3,4,4,0.4972,False
139,calm,calm,0.9252,1,3,3,0.4368,False
140,calm,calm,0.9213,3,4,3,0.4238,False
141,calm,calm,0.9044,5,3,3,0.4374,False
142,neutral,neutral,0.9959,5,4,3,0.3863,False
143,mixed,mixed,0.9895,2,1,3,0.4768,False
144,focused,focused,0.9235,1,1,3,0.4171,False
145,calm,calm,0.9745,1,4,3,0.4357,False
146,mixed,mixed,0.9857,3,2,3,0.4648,False
147,neutral,neutral,0.9813,3,3,3,0.4353,False
148,focused,focused,0.8924,3,4,3,0.4376,False
149,focused,focused,0.8623,2,4,3,0.4083,False
150,focused,focused,0.998,5,3,3,0.3746,False
151,neutral,neutral,0.9975,2,2,3,0.4166,False
152,restless,restless,0.9417,3,4,4,0.3968,False
153,neutral,neutral,0.8145,4,1,3,0.4812,False
154,neutral,neutral,0.951,5,4,4,0.426,False
155,mixed,mixed,0.9984,1,5,3,0.4661,False
156,overwhelmed,overwhelmed,0.9915,1,4,3,0.4644,False
157,neutral,neutral,0.9672,2,1,3,0.4862,False
158,calm,overwhelmed,0.3219,3,5,4,0.417,False
159,calm,calm,0.5108,4,1,3,0.4468,False
160,overwhelmed,overwhelmed,0.9837,2,4,3,0.4033,False
161,overwhelmed,overwhelmed,0.995,2,4,4,0.4046,False
162,mixed,mixed,0.9946,3,4,2,0.3836,False
163,mixed,mixed,0.6142,5,5,3,0.4442,False
164,neutral,neutral,0.9401,4,5,3,0.3932,False
165,calm,calm,0.4948,1,5,3,0.4537,False
166,focused,focused,0.9789,4,5,3,0.4467,False
167,restless,restless,0.9309,1,2,3,0.4692,False
168,overwhelmed,overwhelmed,0.4237,1,5,3,0.4626,False
169,neutral,neutral,0.9936,3,4,3,0.4822,False
170,neutral,neutral,0.9932,1,2,3,0.4287,False
171,mixed,mixed,0.8324,1,4,3,0.3694,False
172,focused,focused,0.9962,1,3,3,0.4827,False
173,mixed,mixed,0.995,4,3,3,0.4537,False
174,calm,calm,0.8732,3,2,3,0.3714,False
175,overwhelmed,overwhelmed,0.345,1,4,3,0.481,False
176,restless,restless,0.4643,5,4,3,0.4413,False
177,overwhelmed,overwhelmed,0.9617,4,1,3,0.4476,False
178,calm,restless,0.5754,5,5,3,0.4146,False
179,overwhelmed,overwhelmed,0.995,2,5,3,0.435,False
180,mixed,mixed,0.7085,5,4,3,0.4938,False
181,mixed,mixed,0.9755,3,3,3,0.4344,False
182,mixed,mixed,0.9727,3,1,3,0.4856,False
183,calm,calm,0.8973,2,5,4,0.4799,False
184,mixed,mixed,0.633,5,4,4,0.363,False
185,restless,restless,0.7094,5,3,3,0.4382,False
186,calm,calm,0.9531,4,3,3,0.4769,False
187,mixed,mixed,0.946,5,4,3,0.38,False
188,overwhelmed,overwhelmed,0.6841,3,4,4,0.3835,False
189,neutral,neutral,0.9489,5,5,3,0.4582,False
190,focused,focused,0.9727,1,1,3,0.3586,False
191,focused,focused,0.9192,5,1,3,0.3669,False
192,calm,calm,0.9787,1,5,4,0.4174,False
193,overwhelmed,overwhelmed,0.9584,5,4,3,0.3799,False
194,overwhelmed,overwhelmed,0.9891,3,2,3,0.4771,False
195,focused,focused,0.6775,4,4,3,0.431,False
196,mixed,mixed,0.9718,2,3,3,0.4361,False
197,overwhelmed,overwhelmed,0.9877,5,3,3,0.497,False
198,mixed,mixed,0.9869,1,3,3,0.3582,False
199,calm,calm,0.9655,4,4,3,0.4291,False
200,calm,calm,0.9886,3,3,3,0.4348,False
201,calm,calm,0.9669,3,2,3,0.4578,False
202,neutral,neutral,0.9725,5,1,2,0.3847,False
203,overwhelmed,overwhelmed,0.8271,2,4,3,0.4089,False
204,calm,calm,0.9911,5,3,3,0.4577,False
205,restless,restless,0.9889,3,4,3,0.498,False
206,restless,restless,0.9511,1,2,3,0.4597,False
207,overwhelmed,overwhelmed,0.9693,4,2,3,0.434,False
208,restless,restless,0.9883,4,4,4,0.3916,False
209,focused,focused,0.9892,3,5,3,0.4484,False
210,overwhelmed,overwhelmed,0.8163,2,4,3,0.4215,False
211,focused,focused,0.9961,3,5,4,0.3556,False
212,mixed,mixed,0.9633,1,3,3,0.4211,False
213,mixed,mixed,0.5026,4,5,3,0.4427,False
214,neutral,neutral,0.9566,2,1,3,0.3766,False
215,mixed,mixed,0.9775,1,3,3,0.4459,False
216,calm,calm,0.8261,5,1,3,0.4769,False
217,restless,calm,0.3887,4,3,3,0.4104,False
218,restless,restless,0.9941,4,4,3,0.4811,False
219,mixed,mixed,0.9834,3,1,3,0.3866,False
220,calm,calm,0.8336,4,5,3,0.4654,False
221,restless,restless,0.9628,5,1,3,0.4061,False
222,mixed,mixed,0.964,2,1,3,0.3792,False
223,calm,calm,0.9613,4,3,4,0.3615,False
224,calm,calm,0.9903,4,4,3,0.3671,False
225,focused,focused,0.9932,3,4,3,0.4669,False
226,restless,restless,0.9942,5,4,3,0.4882,False
227,calm,calm,0.9803,5,5,4,0.4172,False
228,mixed,mixed,0.8317,5,2,3,0.4298,False
229,restless,restless,0.832,3,4,3,0.3753,False
230,neutral,neutral,0.9945,3,4,3,0.4707,False
231,overwhelmed,overwhelmed,0.9903,3,1,3,0.4605,False
232,overwhelmed,overwhelmed,0.997,2,5,3,0.4274,False
233,focused,focused,0.8597,5,1,3,0.4676,False
234,restless,restless,0.9402,4,3,3,0.3759,False
235,restless,restless,0.993,1,2,3,0.4161,False
236,overwhelmed,overwhelmed,0.9973,4,2,3,0.4575,False
237,focused,focused,0.9894,3,1,2,0.4836,False
238,restless,restless,0.7843,2,4,3,0.4721,False
239,neutral,neutral,0.5453,5,2,3,0.4576,False
240,overwhelmed,overwhelmed,0.9948,3,3,3,0.4379,False
241,neutral,neutral,0.8426,3,5,3,0.4059,False
242,calm,calm,0.9711,2,5,4,0.4468,False
243,focused,focused,0.9148,4,2,3,0.4451,False
244,calm,calm,0.712,5,1,3,0.4867,False
245,focused,focused,0.9839,5,1,2,0.3933,False
246,calm,calm,0.9869,3,3,3,0.4602,False
247,mixed,mixed,0.8685,2,5,4,0.3844,False
248,overwhelmed,overwhelmed,0.9705,1,5,3,0.4053,False
249,mixed,mixed,0.7195,2,5,3,0.4131,False
250,overwhelmed,overwhelmed,0.8148,1,4,3,0.3513,False
251,neutral,neutral,0.9856,4,2,3,0.4424,False
252,calm,calm,0.9371,1,4,3,0.4103,False
253,overwhelmed,overwhelmed,0.9938,3,5,3,0.4393,False
254,overwhelmed,overwhelmed,0.6041,1,4,3,0.4011,False
255,restless,restless,0.995,2,3,3,0.45,False
256,calm,calm,0.6193,5,5,4,0.4275,False
257,restless,restless,0.9536,2,3,3,0.3545,False
258,mixed,mixed,0.9702,4,4,2,0.4351,False
259,focused,restless,0.4747,4,1,3,0.3825,False
260,restless,restless,0.9646,1,3,4,0.3485,False
261,focused,focused,0.9969,3,5,3,0.4474,False
262,restless,restless,0.8941,2,4,3,0.4776,False
263,calm,calm,0.9772,3,4,3,0.4858,False
264,overwhelmed,overwhelmed,0.9813,4,2,3,0.4265,False
265,focused,focused,0.9764,1,1,3,0.4106,False
266,neutral,neutral,0.9341,3,3,3,0.4806,False
267,restless,restless,0.9621,1,4,4,0.5146,False
268,mixed,mixed,0.9333,1,4,3,0.4381,False
269,calm,calm,0.9417,4,4,3,0.4685,False
270,mixed,mixed,0.9553,5,1,3,0.4335,False
271,neutral,neutral,0.7031,1,3,3,0.4911,False
272,calm,calm,0.9934,4,3,3,0.4586,False
273,neutral,neutral,0.9863,5,2,3,0.424,False
274,focused,focused,0.9929,3,1,3,0.4709,False
275,focused,focused,0.4925,2,5,3,0.4414,False
276,restless,restless,0.7191,1,5,4,0.3537,False
277,neutral,neutral,0.9911,3,5,3,0.4713,False
278,focused,focused,0.9984,1,2,3,0.4903,False
279,calm,calm,0.9952,5,1,3,0.4632,False
280,neutral,neutral,0.9807,1,5,4,0.4252,False
281,mixed,calm,0.4994,1,2,3,0.4191,False
282,restless,restless,0.9858,5,3,2,0.4238,False
283,focused,focused,0.9989,3,1,3,0.461,False
284,mixed,mixed,0.5291,3,4,3,0.4385,False
285,calm,calm,0.7744,2,5,3,0.4774,False
286,neutral,neutral,0.9633,4,3,3,0.3845,False
287,overwhelmed,overwhelmed,0.9747,4,5,3,0.4402,False
288,neutral,neutral,0.9969,3,2,2,0.3711,False
289,calm,calm,0.9702,1,4,3,0.4884,False
290,neutral,neutral,0.9529,3,3,3,0.4631,False
291,mixed,mixed,0.9636,1,1,3,0.4529,False
292,overwhelmed,overwhelmed,0.9829,4,4,4,0.4391,False
293,restless,restless,0.9767,4,3,3,0.4347,False
294,calm,calm,0.5403,4,5,3,0.4829,False
295,mixed,mixed,0.8757,1,4,3,0.4732,False
296,overwhelmed,overwhelmed,0.9876,1,5,3,0.4568,False
297,neutral,neutral,0.9918,5,4,3,0.4562,False
298,mixed,mixed,0.9924,3,1,2,0.4107,False
299,focused,focused,0.4721,5,2,3,0.4503,False
300,calm,calm,0.8946,2,5,3,0.4083,False
301,calm,calm,0.9642,5,4,3,0.4299,False
302,focused,focused,0.9704,4,4,3,0.4657,False
303,neutral,neutral,0.9634,1,3,3,0.4274,False
304,calm,calm,0.8136,3,1,3,0.3567,False
305,focused,focused,0.6918,1,4,3,0.4402,False
306,neutral,calm,0.4355,4,3,3,0.4556,False
307,calm,calm,0.9476,5,4,3,0.4729,False
308,focused,focused,0.9944,4,3,3,0.4682,False
309,calm,calm,0.5297,5,4,4,0.3874,False
310,neutral,neutral,0.7585,2,5,3,0.4039,False
311,neutral,neutral,0.9748,3,5,3,0.4658,False
312,mixed,mixed,0.992,4,1,3,0.4943,False
313,neutral,neutral,0.4979,5,5,4,0.4065,False
314,neutral,neutral,0.7812,4,1,2,0.4361,False
315,overwhelmed,overwhelmed,0.8148,4,1,2,0.3529,False
316,calm,calm,0.9801,5,5,3,0.4155,False
317,neutral,neutral,0.9938,2,3,3,0.3969,False
318,mixed,mixed,0.7944,3,2,3,0.4599,False
319,neutral,neutral,0.9937,2,2,3,0.4317,False
320,neutral,neutral,0.9817,1,5,4,0.4356,False
321,neutral,neutral,0.9823,3,3,3,0.3975,False
322,focused,focused,0.9992,5,1,3,0.4466,False
323,calm,calm,0.9745,3,4,3,0.4359,False
324,calm,calm,0.926,2,5,3,0.4205,False
325,focused,focused,0.6125,5,2,3,0.4711,False
326,neutral,neutral,0.9845,1,1,3,0.4336,False
327,overwhelmed,overwhelmed,0.9208,1,2,4,0.4558,False
328,overwhelmed,overwhelmed,0.4583,4,1,3,0.4667,False
329,overwhelmed,overwhelmed,0.9966,5,4,3,0.4747,False
330,overwhelmed,overwhelmed,0.9852,2,3,3,0.4447,False
331,focused,focused,0.5863,4,1,3,0.4957,False
332,neutral,neutral,0.9122,5,3,3,0.4383,False
333,neutral,neutral,0.9961,5,2,2,0.4795,False
334,neutral,neutral,0.9314,1,5,3,0.3997,False
335,focused,focused,0.952,2,3,3,0.4896,False
336,calm,calm,0.9947,2,5,3,0.4081,False
337,restless,restless,0.6937,2,5,3,0.4217,False
338,restless,restless,0.9769,1,5,3,0.487,False
339,overwhelmed,overwhelmed,0.9797,5,3,3,0.4911,False
340,neutral,neutral,0.7607,3,1,2,0.3544,False
341,restless,restless,0.8857,3,4,4,0.3627,False
342,restless,restless,0.9909,5,4,3,0.4949,False
343,focused,focused,0.9941,3,5,3,0.37,False
344,restless,restless,0.9743,5,3,3,0.4291,False
345,restless,restless,0.6378,1,3,3,0.4108,False
346,calm,calm,0.9719,4,3,3,0.4726,False
347,calm,calm,0.984,2,5,3,0.3639,False
348,calm,calm,0.9854,4,4,3,0.4337,False
349,restless,restless,0.937,4,3,3,0.3492,False
350,mixed,mixed,0.9484,4,3,3,0.4372,False
351,mixed,mixed,0.7048,1,4,3,0.3656,False
352,calm,calm,0.9104,4,2,3,0.4283,False
353,restless,restless,0.8846,3,3,3,0.4422,False
354,overwhelmed,overwhelmed,0.3642,3,4,3,0.4577,False
355,overwhelmed,overwhelmed,0.9849,2,1,3,0.4413,False
356,mixed,mixed,0.8792,2,1,3,0.4031,False
357,overwhelmed,overwhelmed,0.9835,5,5,3,0.4835,False
358,calm,calm,0.9925,4,4,3,0.3901,False
359,focused,focused,0.9832,1,5,3,0.4886,False
360,overwhelmed,overwhelmed,0.9864,5,4,3,0.498,False
361,neutral,neutral,0.9902,1,2,2,0.3485,False
362,calm,calm,0.8589,4,2,4,0.4499,False
363,calm,calm,0.9293,1,5,3,0.4697,False
364,overwhelmed,overwhelmed,0.9462,1,5,3,0.4946,False
365,overwhelmed,overwhelmed,0.9958,4,3,3,0.4923,False
366,neutral,neutral,0.9853,2,2,3,0.4658,False
367,neutral,neutral,0.7482,2,1,2,0.3646,False
368,calm,calm,0.7629,5,3,3,0.4546,False
369,focused,focused,0.9889,1,1,2,0.448,False
370,mixed,mixed,0.963,2,5,3,0.4785,False
371,mixed,mixed,0.989,1,1,2,0.4478,False
372,focused,focused,0.9273,4,2,3,0.4827,False
373,neutral,neutral,0.8748,1,1,2,0.4096,False
374,mixed,mixed,0.9823,3,1,3,0.3586,False
375,neutral,neutral,0.9974,2,2,3,0.4596,False
376,mixed,mixed,0.9954,1,1,2,0.3854,False
377,focused,focused,0.9726,5,4,3,0.463,False
378,calm,calm,0.9059,4,2,4,0.3956,False
379,focused,focused,0.9945,1,5,3,0.4416,False
380,calm,calm,0.9957,2,5,3,0.4281,False
381,calm,calm,0.9177,2,4,3,0.4383,False
382,calm,overwhelmed,0.3137,3,3,3,0.4634,False
383,focused,focused,0.9002,1,4,3,0.4431,False
384,restless,restless,0.9247,3,5,3,0.4682,False
385,neutral,neutral,0.9061,2,5,3,0.4857,False
386,neutral,neutral,0.9926,3,5,4,0.4735,False
387,restless,restless,0.9615,3,1,3,0.4716,False
388,neutral,neutral,0.9954,4,4,3,0.4932,False
389,overwhelmed,overwhelmed,0.9866,2,3,3,0.3918,False
390,overwhelmed,overwhelmed,0.9905,5,5,3,0.4045,False
391,calm,calm,0.9182,2,5,4,0.4798,False
392,focused,focused,0.9777,1,1,2,0.3682,False
393,focused,focused,0.9994,5,3,3,0.484,False
394,calm,calm,0.9872,1,2,3,0.4352,False
395,restless,restless,0.9968,4,5,3,0.3523,False
396,restless,restless,0.9741,2,3,4,0.3781,False
397,restless,restless,0.9972,5,4,3,0.3588,False
398,overwhelmed,overwhelmed,0.999,3,5,3,0.3976,False
399,calm,calm,0.9029,3,2,3,0.4254,False
400,focused,focused,0.845,4,3,3,0.4894,False
401,overwhelmed,overwhelmed,0.9773,4,4,3,0.3835,False
402,neutral,neutral,0.9397,4,5,3,0.4849,False
403,focused,focused,0.9873,3,3,3,0.4002,False
404,focused,focused,0.999,2,3,3,0.4611,False
405,focused,restless,0.3478,1,4,3,0.4249,False
406,overwhelmed,overwhelmed,0.9922,1,4,3,0.3962,False
407,neutral,neutral,0.9868,2,2,2,0.36,False
408,overwhelmed,overwhelmed,0.9895,4,2,3,0.4898,False
409,mixed,mixed,0.8798,2,4,3,0.477,False
410,mixed,mixed,0.9375,4,5,3,0.4364,False
411,calm,calm,0.5631,3,5,4,0.3735,False
412,mixed,mixed,0.9872,5,2,3,0.4942,False
413,restless,restless,0.9041,3,3,2,0.4212,False
414,neutral,neutral,0.9516,1,5,2,0.3807,False
415,focused,focused,0.9232,4,4,3,0.4924,False
416,restless,restless,0.8376,5,4,3,0.4565,False
417,overwhelmed,overwhelmed,0.5929,4,2,3,0.3801,False
418,restless,restless,0.6503,4,4,3,0.4467,False
419,restless,focused,0.5903,4,4,3,0.4977,False
420,focused,focused,0.9914,2,5,3,0.4824,False
421,restless,restless,0.8185,2,4,3,0.3566,False
422,mixed,mixed,0.9949,1,1,3,0.3672,False
423,restless,restless,0.9176,4,5,3,0.3768,False
424,mixed,mixed,0.9313,3,1,3,0.498,False
425,calm,calm,0.9345,5,2,3,0.4815,False
426,focused,focused,0.477,4,1,2,0.4763,False
427,focused,restless,0.7547,4,5,3,0.4677,False
428,focused,focused,0.9691,3,4,4,0.3899,False
429,overwhelmed,overwhelmed,0.7517,2,1,3,0.425,False
430,neutral,neutral,0.993,5,1,3,0.3497,False
431,mixed,mixed,0.8921,3,5,3,0.4232,False
432,neutral,neutral,0.7834,2,1,3,0.4695,False
433,focused,focused,0.7516,4,2,3,0.4866,False
434,neutral,neutral,0.9923,4,2,2,0.3704,False
435,neutral,neutral,0.9477,2,2,3,0.4449,False
436,restless,restless,0.6794,2,1,3,0.4754,False
437,restless,restless,0.8892,5,2,3,0.4616,False
438,overwhelmed,overwhelmed,0.9866,5,4,3,0.4566,False
439,neutral,neutral,0.853,2,2,3,0.4174,False
440,restless,restless,0.9668,5,2,3,0.4925,False
441,neutral,neutral,0.965,5,3,3,0.48,False
442,mixed,mixed,0.979,1,1,3,0.3736,False
443,mixed,mixed,0.9871,2,5,3,0.4527,False
444,focused,focused,0.9631,5,3,3,0.3851,False
445,restless,restless,0.9616,1,2,2,0.3581,False
446,restless,restless,0.7492,1,1,3,0.4439,False
447,restless,restless,0.974,2,2,4,0.4136,False
448,calm,calm,0.9305,2,5,3,0.4916,False
449,focused,focused,0.9919,1,3,2,0.4711,False
450,restless,restless,0.999,3,3,4,0.3736,False
451,neutral,neutral,0.9744,4,1,3,0.4281,False
452,overwhelmed,overwhelmed,0.9398,4,5,4,0.3493,False
453,mixed,mixed,0.9309,2,1,2,0.3586,False
454,neutral,neutral,0.7906,5,1,2,0.3507,False
455,calm,calm,0.9663,5,2,3,0.4935,False
456,mixed,mixed,0.8361,4,1,3,0.4828,False
457,mixed,mixed,0.9852,3,1,3,0.4616,False
458,restless,restless,0.8805,4,3,3,0.3623,False
459,focused,focused,0.9647,3,3,3,0.4075,False
460,calm,calm,0.9572,1,4,4,0.5105,False
461,restless,restless,0.8864,2,2,3,0.4675,False
462,neutral,neutral,0.9922,2,3,3,0.4166,False
463,neutral,neutral,0.9844,2,5,4,0.3932,False
464,neutral,neutral,0.8766,1,1,2,0.4305,False
465,calm,calm,0.9873,4,3,3,0.4951,False
466,neutral,neutral,0.9954,2,2,2,0.3624,False
467,restless,restless,0.9963,3,2,3,0.4614,False
468,overwhelmed,overwhelmed,0.9824,3,2,3,0.3783,False
469,overwhelmed,overwhelmed,0.9708,1,4,4,0.4285,False
470,restless,restless,0.8912,2,1,2,0.4282,False
471,restless,restless,0.9764,3,4,4,0.4075,False
472,focused,focused,0.9687,1,4,3,0.4045,False
473,calm,calm,0.9963,1,5,3,0.3537,False
474,overwhelmed,overwhelmed,0.923,3,5,3,0.4781,False
475,overwhelmed,overwhelmed,0.9972,4,1,3,0.4821,False
476,mixed,mixed,0.9094,5,3,3,0.4246,False
477,overwhelmed,overwhelmed,0.9884,3,4,3,0.4613,False
478,overwhelmed,overwhelmed,0.9596,2,4,3,0.4606,False
479,mixed,mixed,0.9374,5,1,3,0.4895,False
480,calm,calm,0.9921,5,2,3,0.3975,False
481,restless,focused,0.4652,1,3,2,0.3898,False
482,focused,focused,0.6734,2,1,3,0.4399,False
483,restless,calm,0.9513,1,1,2,0.4043,False
484,neutral,mixed,0.4516,3,4,3,0.3742,False
485,neutral,focused,0.8959,1,1,3,0.3543,False
486,overwhelmed,focused,0.3868,2,5,3,0.4717,True
487,overwhelmed,calm,0.5996,3,5,4,0.3597,True
488,restless,overwhelmed,0.5857,4,1,2,0.432,True
489,calm,mixed,0.9665,1,4,3,0.4671,True
490,focused,focused,0.789,4,4,3,0.4979,False
491,mixed,calm,0.7697,5,3,4,0.4814,False
492,neutral,calm,0.9889,5,5,3,0.4775,True
493,restless,restless,0.2457,1,3,3,0.4807,False
494,overwhelmed,neutral,0.3692,2,1,3,0.4581,True
495,neutral,mixed,0.8216,2,4,3,0.3998,False
496,calm,neutral,0.8085,5,4,3,0.4983,True
497,focused,calm,0.5737,1,2,3,0.4942,False
498,focused,focused,0.6787,5,5,3,0.364,True
499,overwhelmed,neutral,0.3689,3,5,3,0.4095,False
500,calm,mixed,0.476,3,4,3,0.4974,False
501,overwhelmed,overwhelmed,0.979,3,2,3,0.4624,True
502,restless,calm,0.3121,2,3,3,0.4705,False
503,overwhelmed,restless,0.7752,2,1,3,0.467,False
504,calm,mixed,0.5061,1,1,3,0.4336,False
505,calm,overwhelmed,0.4784,2,5,3,0.4141,True
506,mixed,restless,0.9003,3,5,3,0.4968,False
507,calm,restless,0.5988,4,4,3,0.4653,True
508,restless,calm,0.6807,5,5,4,0.4576,False
509,focused,restless,0.9284,2,5,3,0.394,False
510,calm,overwhelmed,0.5425,5,3,3,0.4516,True
511,calm,overwhelmed,0.6948,2,3,3,0.4866,True
512,calm,neutral,0.5014,5,4,3,0.4449,True
513,restless,neutral,0.3058,1,2,2,0.3716,True
514,neutral,calm,0.6406,4,4,3,0.4278,True
515,mixed,overwhelmed,0.8602,1,2,3,0.4855,True
516,overwhelmed,calm,0.5325,1,3,3,0.4684,False
517,mixed,neutral,0.5795,3,5,3,0.4321,False
518,restless,calm,0.3685,4,4,3,0.4162,False
519,restless,calm,0.9773,5,5,3,0.4901,True
520,focused,restless,0.5225,1,1,2,0.3493,True
521,focused,focused,0.512,1,4,2,0.4835,False
522,mixed,focused,0.4424,5,1,2,0.4888,True
523,neutral,restless,0.9371,3,3,3,0.4531,False
524,calm,mixed,0.3887,5,3,3,0.4626,True
525,calm,restless,0.8674,1,4,3,0.4224,False
526,neutral,mixed,0.4307,5,2,3,0.3985,False
527,mixed,calm,0.5026,3,3,4,0.4349,False
528,overwhelmed,calm,0.5545,4,3,3,0.4147,True
529,calm,neutral,0.5545,1,4,3,0.4142,False
530,calm,restless,0.5489,3,5,3,0.4407,True
531,restless,mixed,0.2614,5,3,3,0.4435,False
532,calm,overwhelmed,0.5058,3,3,3,0.4622,True
533,neutral,restless,0.379,4,4,4,0.3741,True
534,calm,neutral,0.9302,3,5,3,0.3946,False
535,mixed,neutral,0.5535,3,2,2,0.3896,True
536,focused,neutral,0.6965,4,2,3,0.3855,False
537,restless,overwhelmed,0.4153,1,3,2,0.3749,True
538,overwhelmed,mixed,0.4694,2,5,3,0.387,False
539,neutral,calm,0.5009,5,2,3,0.4373,False
540,focused,mixed,0.6698,1,1,3,0.4626,True
541,overwhelmed,neutral,0.9666,5,1,3,0.478,True
542,overwhelmed,mixed,0.5029,4,3,2,0.4348,False
543,mixed,calm,0.3615,3,1,3,0.4458,False
544,focused,focused,0.6199,3,1,3,0.3649,False
545,mixed,restless,0.3228,3,2,3,0.4674,False
546,overwhelmed,calm,0.9665,2,3,4,0.3555,False
547,focused,overwhelmed,0.6394,3,2,3,0.3821,True
548,neutral,mixed,0.5155,1,3,3,0.4739,True
549,mixed,focused,0.66,5,2,2,0.3558,False
550,neutral,mixed,0.4673,1,1,3,0.4159,True
551,overwhelmed,neutral,0.7765,5,1,3,0.3764,False
552,mixed,neutral,0.5723,2,3,3,0.419,False
553,overwhelmed,neutral,0.9711,2,2,3,0.3703,False
554,calm,calm,0.8282,3,2,3,0.3565,True
555,focused,mixed,0.4188,4,3,3,0.4056,False
556,restless,restless,0.9433,1,5,3,0.4929,False
557,restless,restless,0.6776,4,1,2,0.4014,False
558,mixed,restless,0.5806,3,4,3,0.3669,False
559,calm,mixed,0.3041,5,3,3,0.4729,False
560,mixed,overwhelmed,0.5098,2,5,3,0.4094,False
561,neutral,calm,0.6301,1,1,3,0.3712,True
562,focused,overwhelmed,0.5336,2,4,3,0.4788,True
563,neutral,overwhelmed,0.823,4,2,3,0.4046,False
564,overwhelmed,overwhelmed,0.3275,1,5,3,0.4676,True
565,overwhelmed,neutral,0.8719,3,2,2,0.377,False
566,neutral,neutral,0.3346,4,3,3,0.4711,True
567,overwhelmed,neutral,0.8746,2,4,2,0.3769,False
568,focused,mixed,0.7411,3,1,3,0.403,True
569,restless,restless,0.899,5,5,3,0.4303,False
570,calm,restless,0.537,5,2,3,0.4372,False
571,mixed,mixed,0.7843,4,4,3,0.4452,False
572,overwhelmed,restless,0.5339,1,5,4,0.3526,False
573,focused,focused,0.7043,2,2,2,0.3794,False
574,restless,calm,0.8766,5,5,3,0.4263,False
575,restless,mixed,0.6039,4,5,3,0.449,False
576,neutral,calm,0.729,5,2,2,0.4011,True
577,mixed,mixed,0.4688,3,5,4,0.3845,True
578,restless,calm,0.8561,4,5,3,0.4463,False
579,neutral,overwhelmed,0.5613,4,5,3,0.3718,False
580,calm,mixed,0.6973,1,3,3,0.3865,False
581,calm,neutral,0.6311,2,2,3,0.4816,False
582,calm,neutral,0.4633,3,5,3,0.4559,False
583,neutral,calm,0.3747,2,3,3,0.384,False
584,restless,focused,0.8183,3,4,3,0.4153,True
585,neutral,mixed,0.7102,2,2,2,0.5136,False
586,focused,neutral,0.7404,4,5,3,0.4255,True
587,calm,overwhelmed,0.5674,5,4,4,0.3499,True
588,focused,calm,0.4657,2,5,3,0.4692,False
589,mixed,calm,0.849,5,3,3,0.495,False
590,mixed,restless,0.5607,1,1,2,0.3691,True
591,restless,neutral,0.4304,4,2,3,0.4286,False
592,calm,overwhelmed,0.966,3,2,4,0.44,False
593,overwhelmed,mixed,0.5482,2,3,3,0.481,True
594,neutral,mixed,0.4677,4,3,3,0.4945,False
595,neutral,focused,0.9366,2,1,2,0.3492,False
596,mixed,neutral,0.6827,1,3,3,0.4839,False
597,mixed,focused,0.9238,3,4,3,0.4638,False
598,calm,calm,0.8801,4,2,3,0.4769,False
599,overwhelmed,restless,0.7472,2,2,3,0.4432,True
600,restless,focused,0.5337,1,5,3,0.4565,False
601,overwhelmed,restless,0.3929,3,4,3,0.4553,False
602,restless,calm,0.9458,1,5,4,0.4664,True
603,restless,calm,0.3364,5,5,3,0.4121,True
604,restless,overwhelmed,0.8928,2,1,3,0.4232,True
605,calm,neutral,0.6593,1,2,3,0.4405,False
606,mixed,restless,0.8891,2,5,3,0.4775,True
607,restless,restless,0.5477,1,1,3,0.4392,True
608,focused,overwhelmed,0.4735,3,5,3,0.385,True
609,focused,mixed,0.7968,5,3,4,0.4309,False
610,focused,mixed,0.8644,4,3,3,0.4444,False
611,overwhelmed,neutral,0.6874,1,2,3,0.4295,True
612,calm,overwhelmed,0.3832,3,1,2,0.4555,False
613,overwhelmed,overwhelmed,0.5441,3,2,3,0.3661,False
614,mixed,calm,0.5379,5,2,3,0.4413,False
615,restless,calm,0.4142,5,5,3,0.4501,True
616,calm,restless,0.8265,1,1,2,0.4443,False
617,focused,calm,0.9441,2,4,3,0.4763,False
618,restless,neutral,0.5361,4,4,3,0.3975,True
619,calm,focused,0.6906,5,2,3,0.4888,True
620,focused,neutral,0.9387,1,2,2,0.4488,False
621,calm,calm,0.3136,5,4,3,0.4513,False
622,focused,calm,0.533,5,4,3,0.4959,False
623,overwhelmed,mixed,0.6894,4,4,3,0.4281,False
624,mixed,overwhelmed,0.9078,4,4,3,0.451,False
625,restless,neutral,0.3251,2,1,2,0.4666,False
626,restless,neutral,0.4537,2,3,3,0.4716,True
627,neutral,calm,0.3229,1,3,3,0.4344,False
628,restless,restless,0.9826,4,1,3,0.3854,False
629,neutral,overwhelmed,0.6156,2,2,3,0.4014,True
630,neutral,overwhelmed,0.5964,4,1,2,0.453,False
631,focused,calm,0.2772,1,4,3,0.4734,False
632,mixed,overwhelmed,0.6355,3,5,3,0.4569,True
633,restless,focused,0.9494,1,2,3,0.3893,False
634,restless,neutral,0.4789,3,2,3,0.4885,False
635,mixed,restless,0.521,4,3,4,0.4409,True
636,overwhelmed,restless,0.712,5,1,3,0.447,False
637,overwhelmed,focused,0.4154,3,1,2,0.4192,True
638,neutral,calm,0.5224,4,2,3,0.4736,False
639,restless,calm,0.6688,2,1,2,0.3888,False
640,neutral,overwhelmed,0.9795,4,2,2,0.4044,False
641,focused,mixed,0.9701,4,3,3,0.399,False
642,neutral,restless,0.5277,2,4,3,0.4358,False
643,overwhelmed,restless,0.631,1,1,3,0.3618,False
644,neutral,overwhelmed,0.6314,1,2,3,0.4254,True
645,calm,overwhelmed,0.5515,2,1,3,0.4256,True
646,overwhelmed,focused,0.3731,1,2,3,0.3637,False
647,restless,neutral,0.3751,4,4,3,0.3866,False
648,restless,mixed,0.452,5,3,3,0.4809,True
649,calm,focused,0.4519,4,2,3,0.4771,False
650,restless,focused,0.5319,5,2,3,0.3952,False
651,restless,calm,0.5135,4,4,3,0.3849,False
652,restless,focused,0.9544,2,1,3,0.4604,True
653,neutral,mixed,0.7714,1,3,3,0.4331,False
654,focused,restless,0.962,1,2,3,0.3738,True
655,restless,restless,0.8539,5,1,3,0.4821,False
656,mixed,mixed,0.3453,5,4,3,0.4666,False
657,restless,mixed,0.416,5,2,3,0.4409,True
658,focused,mixed,0.3354,4,4,3,0.4453,False
659,overwhelmed,neutral,0.8881,3,1,3,0.4796,True
660,mixed,overwhelmed,0.424,1,3,3,0.4438,True
661,restless,calm,0.4274,4,5,3,0.495,False
662,focused,focused,0.4582,4,2,2,0.4891,True
663,restless,mixed,0.9728,5,2,3,0.4282,False
664,overwhelmed,restless,0.4809,1,2,3,0.481,True
665,restless,neutral,0.7295,4,4,3,0.464,True
666,mixed,mixed,0.4061,4,4,3,0.407,False
667,focused,neutral,0.4188,4,1,3,0.3603,False
668,neutral,neutral,0.5522,2,4,3,0.4409,False
669,neutral,focused,0.4969,3,2,3,0.4264,True
670,focused,mixed,0.4855,3,5,3,0.411,True
671,overwhelmed,calm,0.3738,2,5,3,0.4327,False
672,restless,neutral,0.9067,3,3,2,0.4006,False
673,restless,mixed,0.7668,1,5,3,0.378,True
674,mixed,mixed,0.5387,4,3,3,0.4959,False
675,neutral,overwhelmed,0.9422,1,3,3,0.4282,True
676,mixed,neutral,0.9612,2,2,3,0.3755,False
677,neutral,mixed,0.4591,5,4,3,0.4852,True
678,calm,calm,0.403,5,5,3,0.4288,False
679,restless,focused,0.8559,1,1,2,0.5185,True
680,neutral,neutral,0.6226,2,4,3,0.4605,False
681,overwhelmed,restless,0.5378,2,5,3,0.4943,False
682,mixed,overwhelmed,0.4325,3,4,4,0.3537,False
683,focused,restless,0.5973,2,2,3,0.4671,False
684,mixed,overwhelmed,0.919,3,3,3,0.4897,True
685,calm,neutral,0.6328,1,3,3,0.458,False
686,calm,focused,0.3737,4,1,2,0.4896,True
687,calm,focused,0.4334,2,5,3,0.4505,False
688,restless,focused,0.5057,5,4,3,0.4802,True
689,calm,overwhelmed,0.497,1,1,2,0.4294,False
690,calm,overwhelmed,0.4992,5,5,3,0.3995,True
691,focused,calm,0.5743,4,5,4,0.3597,True
692,calm,restless,0.7158,4,5,4,0.4606,False
693,neutral,neutral,0.4785,3,5,3,0.425,False
694,calm,overwhelmed,0.7624,2,1,2,0.3924,False
695,neutral,focused,0.5244,4,1,2,0.5115,False
696,restless,neutral,0.9296,5,5,3,0.4108,False
697,calm,neutral,0.9532,2,1,3,0.3998,False
698,restless,neutral,0.6718,1,1,2,0.3582,True
699,focused,focused,0.9648,3,4,3,0.4957,False
700,overwhelmed,mixed,0.4941,5,4,3,0.4981,False
701,focused,restless,0.7637,3,5,4,0.3609,True
702,mixed,overwhelmed,0.6494,4,4,3,0.4109,True
703,calm,mixed,0.5462,4,3,3,0.3646,True
704,focused,focused,0.4851,3,4,4,0.4587,False
705,calm,mixed,0.3663,1,4,3,0.4718,True
706,calm,mixed,0.9628,2,5,3,0.3721,False
707,mixed,restless,0.4884,1,5,3,0.4353,True
708,overwhelmed,neutral,0.5805,4,2,3,0.4231,False
709,restless,neutral,0.7362,1,4,3,0.4029,False
710,restless,overwhelmed,0.3119,4,3,3,0.4781,True
711,calm,restless,0.771,5,1,3,0.4804,True
712,restless,restless,0.9757,1,4,3,0.4753,False
713,mixed,focused,0.946,1,3,3,0.4267,True
714,overwhelmed,neutral,0.9605,5,4,3,0.496,False
715,restless,overwhelmed,0.5362,2,1,3,0.3578,False
716,restless,focused,0.4254,2,3,3,0.4824,True
717,mixed,calm,0.7631,1,3,4,0.3641,False
718,focused,restless,0.8493,4,2,3,0.4017,True
719,neutral,focused,0.7348,1,5,3,0.3959,False
720,mixed,restless,0.7885,2,5,3,0.46,False
721,focused,focused,0.5927,4,1,2,0.4754,False
722,calm,restless,0.5184,5,5,3,0.4437,False
723,overwhelmed,focused,0.347,3,1,3,0.4772,True
724,restless,mixed,0.5609,5,4,3,0.3761,False
725,neutral,neutral,0.603,1,3,3,0.4861,False
726,restless,calm,0.5457,5,4,3,0.4167,True
727,restless,calm,0.4426,2,3,3,0.4764,True
728,neutral,overwhelmed,0.9821,2,4,3,0.4066,False
729,neutral,restless,0.6957,4,2,3,0.3632,False
730,restless,restless,0.6143,3,3,3,0.4964,False
731,overwhelmed,mixed,0.9718,3,3,3,0.489,True
732,restless,mixed,0.5484,1,5,3,0.4813,True
733,neutral,mixed,0.7906,5,1,3,0.4596,False
734,mixed,mixed,0.5358,3,1,3,0.3773,False
735,focused,restless,0.6652,1,3,3,0.424,True
736,focused,mixed,0.5131,5,3,3,0.3676,True
737,calm,neutral,0.9848,1,4,3,0.4878,False
738,calm,mixed,0.9259,3,5,3,0.4249,False
739,mixed,calm,0.4057,1,2,3,0.4141,False
740,overwhelmed,overwhelmed,0.5926,2,3,3,0.394,True
741,restless,overwhelmed,0.4684,4,5,3,0.4878,True
742,focused,focused,0.4435,5,1,3,0.4239,True
743,overwhelmed,focused,0.8365,2,2,3,0.3656,True
744,focused,mixed,0.427,5,5,4,0.4196,False
745,restless,focused,0.4843,2,4,4,0.501,False
746,overwhelmed,neutral,0.7843,2,2,3,0.4974,True
747,restless,calm,0.4554,4,1,2,0.4775,True
748,mixed,focused,0.5535,2,3,3,0.4145,False
749,calm,neutral,0.4671,2,1,3,0.4184,False
750,restless,focused,0.5658,1,5,3,0.3701,True
751,restless,mixed,0.8129,4,1,3,0.4339,False
752,restless,restless,0.3673,2,1,3,0.3572,False
753,neutral,restless,0.7165,4,3,3,0.4196,True
754,neutral,restless,0.797,3,2,3,0.4846,False
755,neutral,calm,0.7486,5,3,3,0.3664,False
756,overwhelmed,mixed,0.7853,3,5,4,0.468,False
757,focused,neutral,0.4107,2,1,3,0.365,False
758,neutral,calm,0.9694,5,1,3,0.4228,False
759,calm,mixed,0.4247,3,5,3,0.3523,False
760,focused,neutral,0.2868,2,3,3,0.4886,True
761,neutral,neutral,0.7124,4,4,3,0.3668,True
762,overwhelmed,calm,0.9035,3,1,3,0.4197,True
763,overwhelmed,overwhelmed,0.3625,3,3,3,0.4768,False
764,overwhelmed,mixed,0.8659,4,4,4,0.4482,False
765,restless,calm,0.6742,1,2,3,0.4097,False
766,mixed,overwhelmed,0.5054,5,3,3,0.4836,True
767,restless,overwhelmed,0.9828,3,2,3,0.4877,False
768,neutral,restless,0.9759,5,5,3,0.4462,False
769,calm,neutral,0.4993,5,5,3,0.4771,False
770,mixed,overwhelmed,0.9491,1,3,3,0.4456,True
771,mixed,neutral,0.9689,2,5,3,0.4853,False
772,mixed,overwhelmed,0.4392,5,1,3,0.4974,False
773,restless,neutral,0.7291,2,2,3,0.4796,True
774,calm,calm,0.5335,4,3,3,0.4381,False
775,overwhelmed,restless,0.4688,5,1,3,0.4918,True
776,overwhelmed,mixed,0.9542,1,3,3,0.3727,True
777,restless,restless,0.3859,2,1,2,0.4966,False
778,mixed,focused,0.483,1,1,3,0.4391,True
779,focused,calm,0.7372,1,5,3,0.377,False
780,restless,focused,0.4954,4,4,3,0.4451,True
781,calm,restless,0.4609,1,1,2,0.3697,True
782,neutral,focused,0.5975,2,2,2,0.3587,False
783,neutral,neutral,0.3909,5,1,3,0.4059,True
784,restless,overwhelmed,0.8077,4,2,3,0.4428,False
785,mixed,overwhelmed,0.9686,3,1,3,0.4811,True
786,focused,focused,0.9599,4,3,3,0.4454,False
787,calm,restless,0.5175,1,2,2,0.3836,False
788,calm,calm,0.7204,2,3,3,0.4136,True
789,focused,neutral,0.4369,1,3,3,0.4229,False
790,mixed,restless,0.4585,4,5,3,0.4263,True
791,restless,focused,0.5839,5,1,3,0.4342,False
792,neutral,restless,0.6465,5,3,3,0.4718,True
793,focused,calm,0.9388,1,2,3,0.4601,True
794,focused,restless,0.5174,2,4,3,0.4274,True
795,focused,focused,0.4887,5,1,3,0.4877,True
796,focused,focused,0.9044,2,2,3,0.3971,False
797,focused,overwhelmed,0.6464,2,2,2,0.3703,True
798,focused,focused,0.4278,1,5,3,0.4679,True
799,neutral,restless,0.3233,4,5,4,0.4718,True
800,restless,calm,0.626,2,1,3,0.4104,False
801,focused,neutral,0.9073,3,1,3,0.4652,False
802,focused,restless,0.8519,3,1,2,0.3893,False
803,calm,focused,0.293,2,3,3,0.4425,False
804,neutral,overwhelmed,0.9662,1,5,3,0.3906,True
805,calm,focused,0.3537,2,1,3,0.4611,True
806,overwhelmed,mixed,0.665,3,3,3,0.4515,True
807,calm,restless,0.8962,2,5,3,0.4504,False
808,mixed,mixed,0.4588,4,4,3,0.4983,False
809,calm,calm,0.8757,4,3,3,0.4724,False
810,restless,restless,0.3721,3,1,2,0.5005,True
811,neutral,calm,0.4461,2,4,3,0.4678,True
812,mixed,calm,0.9717,3,3,3,0.4969,True
813,calm,calm,0.9414,2,4,3,0.3782,False
814,mixed,focused,0.9703,4,2,2,0.4659,True
815,focused,restless,0.7958,1,5,4,0.3596,False
816,calm,overwhelmed,0.6666,3,2,2,0.4422,True
817,neutral,focused,0.5276,5,3,3,0.3775,False
818,mixed,overwhelmed,0.4676,3,5,3,0.4932,True
819,focused,calm,0.6605,2,1,2,0.3638,False
820,neutral,restless,0.4744,5,4,3,0.4553,True
821,calm,overwhelmed,0.6563,2,1,2,0.3676,True
822,calm,calm,0.7641,4,2,2,0.3887,True
823,calm,mixed,0.5282,3,3,3,0.4091,True
824,mixed,calm,0.9201,4,1,3,0.3951,True
825,neutral,mixed,0.6451,4,5,3,0.3562,False
826,calm,restless,0.6616,3,3,3,0.4917,True
827,overwhelmed,calm,0.3278,1,4,3,0.3815,True
828,overwhelmed,calm,0.965,1,5,3,0.4591,True
829,mixed,mixed,0.6445,5,3,3,0.4557,False
830,focused,neutral,0.9214,3,4,3,0.4875,True
831,calm,calm,0.5832,3,5,3,0.4453,False
832,calm,restless,0.8829,1,5,3,0.4695,False
833,focused,calm,0.4962,4,4,4,0.4612,False
834,restless,neutral,0.5497,3,1,3,0.4469,False
835,mixed,restless,0.6576,5,1,2,0.3983,False
836,neutral,focused,0.6511,2,5,3,0.4883,False
837,neutral,focused,0.9722,4,3,3,0.3891,True
838,overwhelmed,restless,0.9602,3,2,4,0.435,False
839,focused,focused,0.4073,1,5,3,0.3954,False
840,overwhelmed,mixed,0.5609,5,3,3,0.394,True
721,neutral,mixed,0.3452,2,5,4,0.4073,False
722,focused,overwhelmed,0.5812,4,4,4,0.4975,True
723,restless,restless,0.9858,3,4,3,0.3485,False
724,mixed,focused,0.3647,1,4,3,0.4004,False
725,neutral,calm,0.3582,4,5,4,0.3636,False
726,calm,neutral,0.5353,5,4,3,0.4972,False
727,overwhelmed,overwhelmed,0.5932,3,3,3,0.4271,False
728,focused,focused,0.9739,3,3,3,0.4647,False
729,focused,focused,0.8138,1,4,3,0.3569,False
730,overwhelmed,overwhelmed,0.9905,3,1,3,0.4313,False
731,calm,calm,0.5204,5,5,3,0.4765,False
732,overwhelmed,overwhelmed,0.9141,5,4,3,0.4553,False
733,focused,focused,0.6882,3,4,3,0.3958,False
734,restless,restless,0.4016,2,3,3,0.3827,False
735,restless,overwhelmed,0.5256,4,5,4,0.4012,True
736,calm,calm,0.931,4,3,3,0.4944,False
737,focused,focused,0.9403,3,2,2,0.3485,False
738,neutral,neutral,0.7161,1,4,3,0.4625,False
739,restless,restless,0.9107,4,5,4,0.4816,False
740,focused,focused,0.6629,1,3,3,0.4325,False
741,mixed,mixed,0.8954,3,5,3,0.4814,False
742,mixed,mixed,0.8239,3,5,3,0.4795,False
743,overwhelmed,overwhelmed,0.5738,5,3,3,0.4506,False
744,neutral,neutral,0.9212,2,5,3,0.467,False
745,calm,calm,0.6778,2,4,3,0.4917,False
746,overwhelmed,calm,0.4861,2,3,3,0.4639,False
747,calm,overwhelmed,0.479,5,3,3,0.4866,True
748,calm,mixed,0.4351,3,3,3,0.4299,True
749,mixed,restless,0.7866,3,5,3,0.3944,False
750,neutral,mixed,0.527,5,2,3,0.4572,True
751,mixed,calm,0.7936,4,2,3,0.4917,True
752,mixed,mixed,0.474,5,3,2,0.3534,False
753,mixed,mixed,0.9953,1,5,3,0.3984,False
754,focused,overwhelmed,0.362,1,4,3,0.3872,False
755,neutral,neutral,0.4511,1,5,4,0.3661,False
756,mixed,mixed,0.9027,1,1,3,0.4206,False
757,restless,focused,0.3886,5,4,4,0.518,False
758,mixed,mixed,0.8187,5,4,3,0.4597,False
759,overwhelmed,overwhelmed,0.8512,1,2,3,0.3884,False
760,focused,calm,0.9447,1,5,3,0.4777,True
761,focused,focused,0.9638,2,5,3,0.4398,False
762,focused,focused,0.5888,4,5,3,0.3852,False
763,neutral,neutral,0.6487,4,2,3,0.479,False
764,focused,focused,0.9144,2,2,3,0.4555,True
765,focused,focused,0.6144,3,4,3,0.4456,False
766,mixed,mixed,0.7928,5,4,3,0.4764,False
767,neutral,neutral,0.9188,5,3,3,0.4254,False
768,restless,mixed,0.431,1,3,3,0.4481,True
769,overwhelmed,neutral,0.3199,3,4,3,0.4252,False
770,neutral,overwhelmed,0.3132,3,3,3,0.4183,False
771,neutral,restless,0.4053,2,1,3,0.3918,False
772,restless,overwhelmed,0.3696,4,4,3,0.352,False
773,calm,neutral,0.7389,3,4,3,0.4956,False
774,overwhelmed,overwhelmed,0.7168,2,5,4,0.4554,False
775,restless,restless,0.9707,4,1,3,0.4428,False
776,restless,calm,0.4044,1,4,3,0.4688,False
777,restless,restless,0.8799,1,4,3,0.4787,False
778,overwhelmed,calm,0.5562,1,5,4,0.4297,True
779,calm,calm,0.4565,4,5,3,0.4905,False
780,overwhelmed,overwhelmed,0.801,1,3,3,0.4932,False
781,overwhelmed,overwhelmed,0.6959,2,4,3,0.3783,False
782,restless,neutral,0.8661,2,5,3,0.4606,False
783,neutral,calm,0.6333,1,5,4,0.4374,True
784,focused,focused,0.4869,1,4,3,0.3587,False
785,neutral,neutral,0.6609,5,4,3,0.4052,False
786,mixed,mixed,0.4021,4,3,3,0.4649,False
787,overwhelmed,overwhelmed,0.9806,1,3,3,0.4083,False
788,restless,calm,0.7476,1,4,3,0.4582,True
789,restless,restless,0.9745,4,5,3,0.3559,False
790,restless,restless,0.4852,1,4,4,0.4952,False
791,neutral,mixed,0.5283,5,5,3,0.3889,False
792,calm,calm,0.6019,3,5,3,0.4859,False
793,restless,mixed,0.2969,4,4,3,0.4914,False
794,mixed,mixed,0.5442,4,2,3,0.4627,False
795,focused,focused,0.3098,5,3,3,0.4114,False
796,mixed,mixed,0.5689,3,5,3,0.3863,False
797,calm,mixed,0.771,4,4,3,0.4788,True
798,mixed,focused,0.4564,3,4,3,0.4186,True
799,mixed,neutral,0.4609,4,5,3,0.4897,False
800,overwhelmed,overwhelmed,0.7294,3,2,2,0.4325,False
801,focused,focused,0.3687,3,4,3,0.4623,False
802,restless,overwhelmed,0.4477,3,5,3,0.3529,False
803,calm,neutral,0.5583,1,3,3,0.4715,False
804,calm,calm,0.8189,3,2,3,0.44,False
805,overwhelmed,overwhelmed,0.9203,4,1,3,0.4367,False
806,overwhelmed,mixed,0.4833,2,4,3,0.4376,True
807,calm,overwhelmed,0.4897,3,4,3,0.398,True
808,restless,restless,0.5674,3,5,3,0.4611,False
809,mixed,neutral,0.8786,1,1,3,0.4833,False
810,focused,calm,0.6451,3,2,3,0.4973,True
811,focused,overwhelmed,0.617,4,4,4,0.4581,True
812,mixed,restless,0.8003,2,3,3,0.422,False
813,mixed,neutral,0.8829,2,4,3,0.437,False
814,calm,restless,0.7727,3,4,3,0.4036,False
815,focused,focused,0.7397,5,3,3,0.4814,False
816,calm,neutral,0.578,1,3,3,0.4864,False
817,neutral,focused,0.4428,3,4,3,0.4051,False
818,restless,restless,0.5975,4,3,3,0.4287,False
819,neutral,overwhelmed,0.4156,5,3,3,0.4433,False
820,calm,neutral,0.7744,3,4,3,0.3635,False
821,focused,focused,0.7679,2,4,3,0.3849,False
822,focused,focused,0.7928,4,4,3,0.3514,False
823,overwhelmed,overwhelmed,0.9632,1,3,4,0.3803,False
824,overwhelmed,overwhelmed,0.401,4,4,3,0.4365,False
825,focused,restless,0.9577,5,4,3,0.3953,True
826,focused,focused,0.2799,4,1,3,0.4247,False
827,calm,mixed,0.5042,2,4,4,0.4958,True
828,overwhelmed,neutral,0.5911,1,4,3,0.4639,False
829,mixed,mixed,0.8031,1,5,3,0.4495,False
830,neutral,neutral,0.6607,4,3,3,0.4712,False
831,focused,focused,0.8772,3,4,3,0.4902,False
832,focused,calm,0.7447,5,3,3,0.4113,False
833,overwhelmed,calm,0.981,4,4,4,0.4824,True
834,neutral,neutral,0.2843,5,1,2,0.4535,False
835,restless,mixed,0.3479,5,4,2,0.3965,False
836,restless,overwhelmed,0.4271,4,4,4,0.3891,False
837,mixed,restless,0.7172,3,1,3,0.4518,False
838,overwhelmed,overwhelmed,0.8841,3,3,3,0.4627,False
839,overwhelmed,focused,0.9295,4,2,3,0.3888,True
840,calm,calm,0.5457,3,2,3,0.4054,False
841,focused,focused,0.8837,1,3,3,0.3554,False
842,overwhelmed,overwhelmed,0.5225,3,1,3,0.3614,False
843,neutral,neutral,0.5995,5,2,3,0.4969,False
844,mixed,mixed,0.8929,5,4,3,0.4794,False
845,restless,restless,0.5633,4,4,3,0.4176,False
846,calm,calm,0.9248,3,5,3,0.4478,False
847,mixed,neutral,0.3743,1,4,3,0.4468,False
848,restless,focused,0.9748,4,4,3,0.3989,True
849,neutral,neutral,0.7887,3,2,3,0.4981,False
850,overwhelmed,calm,0.6884,4,2,3,0.4633,True
851,calm,mixed,0.3476,2,5,3,0.372,True
852,calm,calm,0.7571,4,3,4,0.3526,True
853,mixed,focused,0.6136,2,2,3,0.3575,True
854,neutral,mixed,0.9747,5,2,4,0.4285,True
855,calm,calm,0.892,2,3,4,0.4185,False
856,neutral,neutral,0.5685,4,1,3,0.4594,False
857,focused,mixed,0.4413,5,4,3,0.3632,True
858,mixed,mixed,0.6947,1,5,3,0.3676,False
859,mixed,mixed,0.9406,1,5,3,0.4897,False
860,restless,restless,0.9447,5,4,3,0.4066,False
861,focused,neutral,0.6218,2,4,2,0.4115,False
862,mixed,mixed,0.7058,5,1,3,0.4877,False
863,overwhelmed,overwhelmed,0.7983,3,5,3,0.4161,True
864,calm,neutral,0.8582,3,3,3,0.3942,False
865,neutral,neutral,0.7882,4,5,4,0.4907,False
866,calm,calm,0.8329,3,5,4,0.3553,False
867,restless,calm,0.8245,5,3,3,0.4793,False
868,overwhelmed,restless,0.4577,3,5,4,0.4592,True
869,calm,focused,0.6907,2,3,3,0.4543,True
870,focused,overwhelmed,0.6312,4,5,4,0.4199,True
871,neutral,neutral,0.5265,1,3,3,0.4946,False
872,focused,focused,0.3223,2,3,3,0.4499,False
873,restless,neutral,0.5205,1,5,3,0.4721,False
874,neutral,neutral,0.7689,4,4,2,0.4081,False
875,mixed,calm,0.6645,5,1,3,0.495,True
876,focused,focused,0.4996,2,4,3,0.4891,False
877,restless,calm,0.5455,1,4,3,0.477,True
878,overwhelmed,overwhelmed,0.9003,3,2,3,0.4369,False
879,neutral,focused,0.2977,4,1,3,0.4359,False
880,overwhelmed,overwhelmed,0.7266,3,5,3,0.392,False
881,calm,overwhelmed,0.4021,4,4,2,0.3951,False
882,overwhelmed,overwhelmed,0.9682,3,3,3,0.4482,False
883,overwhelmed,overwhelmed,0.2678,2,3,4,0.4711,False
884,mixed,calm,0.7959,1,5,4,0.4531,True
885,calm,calm,0.5192,2,4,3,0.4831,False
886,neutral,calm,0.6169,3,4,3,0.4926,False
887,calm,mixed,0.7729,2,4,3,0.3942,True
888,neutral,neutral,0.4428,4,1,3,0.4938,False
889,overwhelmed,overwhelmed,0.6146,4,4,3,0.4462,False
890,restless,restless,0.8035,4,1,3,0.3907,True
891,calm,calm,0.3544,2,1,3,0.3824,False
892,overwhelmed,overwhelmed,0.9208,4,3,3,0.4677,False
893,neutral,mixed,0.9472,1,4,3,0.4971,False
894,restless,restless,0.9003,5,5,4,0.405,False
895,calm,calm,0.7442,5,5,3,0.484,False
896,restless,restless,0.6964,5,4,3,0.439,False
897,calm,neutral,0.2959,4,1,3,0.4543,False
898,mixed,mixed,0.8093,5,1,3,0.409,False
899,calm,calm,0.4858,4,5,3,0.4645,False
900,restless,restless,0.796,4,4,4,0.41,False
901,neutral,focused,0.678,2,2,3,0.4699,True
902,restless,restless,0.6919,2,4,3,0.3907,False
903,restless,restless,0.7277,5,4,4,0.4586,False
904,overwhelmed,overwhelmed,0.9516,1,4,4,0.4663,False
905,overwhelmed,overwhelmed,0.8065,5,5,3,0.4503,False
906,focused,focused,0.9207,5,4,3,0.4538,False
907,restless,mixed,0.2975,4,5,4,0.5205,False
908,overwhelmed,overwhelmed,0.4166,2,3,4,0.363,False
909,focused,focused,0.4944,4,4,3,0.3742,False
910,overwhelmed,focused,0.682,1,4,4,0.4374,True
911,focused,focused,0.7163,3,2,3,0.4012,False
912,overwhelmed,restless,0.2999,5,4,3,0.3967,False
913,focused,focused,0.9084,4,4,4,0.3584,False
914,mixed,calm,0.5636,1,2,3,0.4645,True
915,restless,restless,0.8829,5,2,4,0.4349,False
916,mixed,neutral,0.5128,4,4,3,0.4638,False
917,mixed,mixed,0.4821,2,3,3,0.3503,False
918,calm,calm,0.9785,3,3,3,0.4347,False
919,restless,restless,0.8913,4,5,3,0.4408,False
920,restless,mixed,0.9922,4,4,4,0.3718,True
921,overwhelmed,overwhelmed,0.9944,4,3,2,0.3545,False
922,focused,calm,0.4612,4,2,2,0.3651,True
923,neutral,neutral,0.6672,3,3,3,0.419,False
924,overwhelmed,overwhelmed,0.8345,3,4,3,0.4711,False
925,restless,restless,0.5381,2,4,4,0.3585,False
926,restless,overwhelmed,0.7223,3,4,3,0.4408,True
927,calm,calm,0.5404,2,2,3,0.4903,False
928,overwhelmed,overwhelmed,0.819,4,5,4,0.4812,False
929,neutral,calm,0.8063,3,5,3,0.485,False
930,overwhelmed,overwhelmed,0.764,2,3,3,0.4062,False
931,focused,focused,0.4817,4,4,4,0.3992,False
932,restless,neutral,0.3211,5,3,3,0.4532,False
933,focused,restless,0.2995,4,4,3,0.3837,False
934,overwhelmed,overwhelmed,0.9843,2,4,3,0.352,False
935,focused,focused,0.3903,4,2,3,0.4839,True
936,restless,restless,0.8459,4,1,3,0.3557,False
937,mixed,restless,0.476,4,4,3,0.4716,False
938,focused,overwhelmed,0.5517,5,4,3,0.3753,True
939,mixed,mixed,0.6388,1,2,2,0.4577,True
940,overwhelmed,overwhelmed,0.9767,4,1,3,0.4286,False
941,neutral,neutral,0.8751,2,5,4,0.3913,False
942,overwhelmed,overwhelmed,0.9205,2,4,4,0.3759,False
943,overwhelmed,overwhelmed,0.9862,1,4,3,0.4404,False
944,restless,restless,0.936,2,4,3,0.4274,False
945,mixed,neutral,0.6488,2,5,3,0.358,True
946,overwhelmed,overwhelmed,0.3176,4,4,3,0.359,False
947,calm,calm,0.3473,5,2,3,0.3891,False
948,mixed,overwhelmed,0.5212,4,2,2,0.3571,True
949,mixed,mixed,0.753,5,3,3,0.4376,False
950,mixed,mixed,0.9401,3,4,2,0.4157,False
951,mixed,mixed,0.9433,3,4,3,0.4804,False
952,calm,calm,0.8986,2,2,3,0.4507,False
953,overwhelmed,overwhelmed,0.744,1,1,3,0.3849,False
954,overwhelmed,overwhelmed,0.7346,3,4,3,0.4801,False
955,mixed,mixed,0.789,2,3,3,0.4604,False
956,focused,overwhelmed,0.3762,4,4,3,0.4195,False
957,restless,overwhelmed,0.8588,1,4,3,0.4167,False
958,overwhelmed,overwhelmed,0.9322,5,3,3,0.398,False
959,overwhelmed,overwhelmed,0.8712,4,3,4,0.5171,False
960,mixed,focused,0.4358,3,1,2,0.3767,False
961,overwhelmed,overwhelmed,0.7266,3,5,4,0.3919,False
962,neutral,neutral,0.7411,2,3,3,0.4554,False
963,restless,calm,0.3096,3,5,3,0.3924,False
964,neutral,neutral,0.9557,4,5,3,0.3953,False
965,calm,overwhelmed,0.3638,2,1,3,0.4664,True
966,overwhelmed,mixed,0.729,2,3,3,0.4511,True
967,calm,calm,0.6342,4,5,3,0.4171,False
968,overwhelmed,overwhelmed,0.9147,3,1,2,0.4709,False
969,calm,restless,0.9089,5,4,3,0.4609,True
970,focused,neutral,0.5167,5,5,3,0.4397,False
971,restless,restless,0.7332,5,4,3,0.4725,True
972,restless,calm,0.3118,5,2,3,0.3817,False
973,restless,restless,0.9398,3,5,3,0.4366,False
974,focused,focused,0.8283,2,1,3,0.4216,False
975,overwhelmed,calm,0.3265,1,3,3,0.3503,False
976,mixed,overwhelmed,0.7779,1,2,3,0.4731,True
977,focused,focused,0.8291,2,1,3,0.4802,False
978,calm,neutral,0.32,1,4,3,0.4947,False
979,mixed,focused,0.4934,1,1,3,0.4759,True
980,mixed,mixed,0.9842,3,1,2,0.3677,True
981,mixed,neutral,0.5088,3,3,3,0.4323,False
982,neutral,neutral,0.705,4,1,3,0.4408,False
983,calm,calm,0.6883,5,4,3,0.4227,False
984,focused,mixed,0.5549,5,1,3,0.4698,True
985,calm,restless,0.3609,1,1,3,0.3905,True
986,calm,focused,0.9299,5,1,2,0.4777,True
987,focused,focused,0.8569,5,2,3,0.3607,False
988,mixed,mixed,0.9957,5,5,3,0.4644,False
989,neutral,mixed,0.7132,4,5,4,0.4765,False
990,restless,restless,0.6222,2,4,3,0.4816,False
991,overwhelmed,overwhelmed,0.5937,4,3,3,0.4525,False
992,overwhelmed,mixed,0.9551,2,3,3,0.4473,True
993,calm,calm,0.8706,5,1,3,0.467,False
994,overwhelmed,overwhelmed,0.5402,1,3,3,0.4385,False
995,focused,overwhelmed,0.5496,2,4,3,0.4585,True
996,mixed,neutral,0.5174,2,4,4,0.4815,True
997,mixed,restless,0.4524,3,4,3,0.43,False
998,overwhelmed,overwhelmed,0.7328,5,3,2,0.4304,False
999,neutral,neutral,0.9321,4,1,3,0.4183,False
1000,mixed,restless,0.364,3,5,3,0.3763,False
1001,focused,focused,0.536,1,4,4,0.498,False
1002,restless,restless,0.4883,2,1,2,0.3962,False
1003,restless,restless,0.9797,5,3,3,0.451,False
1004,neutral,neutral,0.7893,4,1,3,0.4564,False
1005,calm,calm,0.4677,5,4,3,0.4934,False
1006,neutral,neutral,0.4213,5,2,3,0.4248,False
1007,mixed,mixed,0.7452,1,4,3,0.4912,False
1008,calm,mixed,0.3733,4,3,3,0.487,False
1009,mixed,mixed,0.7498,1,3,3,0.4288,False
1010,neutral,mixed,0.5711,1,3,3,0.4452,False
1011,neutral,neutral,0.6513,1,4,3,0.4959,False
1012,focused,focused,0.5583,1,1,4,0.4103,False
1013,focused,focused,0.9763,1,3,3,0.3819,False
1014,calm,mixed,0.4209,2,4,3,0.4894,True
1015,overwhelmed,focused,0.8448,4,4,4,0.4728,True
1016,restless,mixed,0.9895,4,4,3,0.3954,True
1017,overwhelmed,neutral,0.5234,1,4,3,0.4171,False
1018,calm,neutral,0.4536,3,4,3,0.4924,False
1019,neutral,focused,0.3354,4,5,3,0.491,False
1020,overwhelmed,overwhelmed,0.5166,4,1,3,0.4307,False
1021,calm,overwhelmed,0.3617,4,4,2,0.3704,False
1022,restless,restless,0.6335,4,1,3,0.3666,False
1023,mixed,restless,0.4563,5,3,3,0.3949,False
1024,overwhelmed,overwhelmed,0.302,5,4,3,0.3761,False
1025,neutral,mixed,0.9219,3,5,4,0.4931,False
1026,focused,focused,0.8594,1,4,3,0.372,False
1027,mixed,mixed,0.825,5,2,3,0.4974,False
1028,restless,restless,0.9073,5,4,3,0.4381,False
1029,neutral,neutral,0.7038,5,4,4,0.5135,False
1030,mixed,neutral,0.4102,5,2,3,0.4388,False
1031,restless,neutral,0.4205,1,3,3,0.4159,False
1032,calm,restless,0.5166,4,1,3,0.3764,True
1033,calm,calm,0.8333,2,5,3,0.4179,False
1034,neutral,neutral,0.5524,3,2,3,0.4342,False
1035,calm,overwhelmed,0.3359,3,4,4,0.3748,False
1036,focused,mixed,0.8483,1,5,4,0.3865,True
1037,calm,mixed,0.5451,2,4,3,0.47,True
1038,neutral,neutral,0.7637,4,1,3,0.4788,False
1039,mixed,mixed,0.2986,1,1,3,0.4608,False
1040,restless,restless,0.3992,1,4,2,0.3513,False
1041,mixed,calm,0.4025,4,3,3,0.3834,True
1042,mixed,mixed,0.407,1,3,3,0.4883,False
1043,mixed,mixed,0.4744,2,1,3,0.4053,False
1044,restless,restless,0.69,5,1,3,0.478,False
1045,focused,focused,0.5934,5,4,3,0.4173,False
1046,neutral,neutral,0.806,5,4,3,0.3984,False
1047,neutral,neutral,0.8762,5,5,3,0.4493,False
1048,calm,calm,0.9037,1,1,3,0.4704,True
1049,overwhelmed,overwhelmed,0.9937,5,1,3,0.3768,False
1050,focused,mixed,0.468,3,4,3,0.4204,True
1051,neutral,neutral,0.4877,3,4,3,0.4474,False
1052,calm,calm,0.9233,1,2,3,0.4171,True
1053,restless,focused,0.4897,2,4,4,0.4146,True
1054,mixed,mixed,0.9021,5,1,3,0.4764,False
1055,overwhelmed,calm,0.8458,5,4,3,0.4833,True
1056,restless,restless,0.9146,3,4,4,0.3981,False
1057,neutral,neutral,0.9401,5,4,3,0.4725,False
1058,mixed,restless,0.4055,5,4,3,0.4319,False
1059,neutral,neutral,0.6611,5,4,3,0.492,False
1060,calm,restless,0.3974,1,5,3,0.4375,False
1061,focused,mixed,0.34,1,3,3,0.4201,False
1062,neutral,neutral,0.7813,5,1,3,0.4771,False
1063,neutral,neutral,0.4181,4,3,3,0.4631,False
1064,neutral,neutral,0.476,4,3,3,0.4822,False
1065,focused,restless,0.9281,4,4,4,0.487,True
1066,neutral,mixed,0.3979,3,5,3,0.3648,False
1067,mixed,neutral,0.3977,4,5,3,0.432,False
1068,mixed,overwhelmed,0.6149,3,3,3,0.4925,True
1069,focused,mixed,0.5274,4,1,3,0.4008,True
1070,neutral,neutral,0.5527,1,4,4,0.3982,False
1071,mixed,mixed,0.3684,4,1,3,0.3927,False
1072,overwhelmed,calm,0.6689,4,2,3,0.4153,True
1073,calm,focused,0.2823,5,5,3,0.4724,False
1074,calm,restless,0.3674,5,1,3,0.4269,True
1075,restless,focused,0.5117,5,2,3,0.4769,True
1076,calm,overwhelmed,0.892,5,4,3,0.4632,False
1077,calm,calm,0.875,2,4,4,0.4961,False
1078,mixed,focused,0.5398,2,2,3,0.3511,True
1079,neutral,neutral,0.977,5,4,3,0.427,False
1080,mixed,mixed,0.979,5,3,3,0.3876,False
